<?xml version="1.0"?>
<assembly xmlns="http://maven.apache.org/plugins/maven-assembly-plugin/assembly/1.1.1"
          xmlns:xsi="http://www.w3.org/2001/XMLSchema-instance"
          xsi:schemaLocation="http://maven.apache.org/plugins/maven-assembly-plugin/assembly/1.1.1 http://maven.apache.org/xsd/assembly-1.1.1.xsd">
  <!--This 'all' id is not appended to the produced bundle because we do this:
    http://maven.apache.org/plugins/maven-assembly-plugin/faq.html#required-classifiers
  -->
  <id>all</id>
  <formats>
    <format>tar.gz</format>
  </formats>
  <fileSets>
    <fileSet>
      <includes>
        <include>${basedir}/*.txt</include>
      </includes>
    </fileSet>
    <fileSet>
      <includes>
        <include>pom.xml</include>
      </includes>
    </fileSet>
    <fileSet>
      <directory>src</directory>
    </fileSet>
    <fileSet>
      <directory>conf</directory>
    </fileSet>
    <fileSet>
      <directory>bin</directory>
      <fileMode>755</fileMode>
    </fileSet>
    <fileSet>
      <directory>src/main/ruby</directory>
      <outputDirectory>lib/ruby</outputDirectory>
    </fileSet>
    <fileSet>
      <directory>target</directory>
      <outputDirectory>/</outputDirectory>
      <includes>
          <include>hbase-${project.version}.jar</include>
          <include>hbase-${project.version}-tests.jar</include>
      </includes>
    </fileSet>
    <fileSet>
      <directory>target/hbase-webapps</directory>
      <outputDirectory>hbase-webapps</outputDirectory>
    </fileSet>
    <fileSet>
      <directory>target/site</directory>
      <outputDirectory>docs</outputDirectory>
    </fileSet>
  </fileSets>
  <dependencySets>
    <dependencySet>
      <outputDirectory>/lib</outputDirectory>
      <unpack>false</unpack>
      <scope>runtime</scope>
      <excludes>
        <exclude>org.apache.hbase:hbase</exclude>
      </excludes>
    </dependencySet>
  </dependencySets>
</assembly>
